{
  "final_mean": 0.6180414377920219,
  "final_std": 0.0005341977580691516,
  "convergence": 0.9999879471966546,
  "target": 0.6180339887498948
}